algorithm,dataset,mpi_processes,threads,runs,primary_metric,primary_metric_value,status,total_time,total_time_exec,compute_time,sync_time,barrier_time,sync_bytes,graph_construct_time,replication_factor,comm_mem_max,comm_mem_min,inspect_bytes,load_bytes,load_messages,peak_load_bytes,replication_nodes,replication_edges,total_node_proxies,total_edge_proxies,edge_inspection_time,edge_loading_time
BFS,roadNet-PA,1,1,20,compute_time,2635.25,ok,56700.0,2800.35,2635.25,1.5,0,0,265.0,1.0,0,0,,,,,1.0,,,,64,62
BFS,roadNet-PA,2,1,20,compute_time,2322.95,ok,229033.0,11394.7,2322.95,6096.8,0,1136228,312.0,1.0071,0,0,,,,,1.0071,,,,70,87
BFS,roadNet-PA,4,1,20,compute_time,2025.0,ok,616942.0,30717.8,2025.0,17828.35,0,2030272,486.0,1.0147,0,0,,,,,1.0147,,,,97,124
BFS,roadNet-PA,6,1,20,compute_time,1508.3,ok,1098467.0,54698.25,1508.3,33883.5,0,2428592,542.0,1.0186,0,0,,,,,1.0186,,,,146,107
BFS,roadNet-PA,8,1,20,compute_time,911.95,ok,1722972.0,85824.4,911.95,49534.15,0,3765168,664.0,1.0288,0,0,,,,,1.0288,,,,225,130
BFS,web-Google,1,1,20,compute_time,350.1,ok,7977.0,354.25,350.1,0,0,0,370.0,1.0,0,0,,,,,1.0,,,,90,109
BFS,web-Google,2,1,20,compute_time,403.8,ok,20994.0,940.95,403.8,440.8,0,4659660,1162.0,1.8228,0,0,,,,,1.8228,,,,165,744
BFS,web-Google,4,1,20,compute_time,363.85,ok,41847.0,1844.5,363.85,1052.1,0,10581684,1850.0,2.9962,0,0,,,,,2.9962,,,,267,1057
BFS,web-Google,6,1,20,compute_time,358.15,ok,69849.0,3135.1,358.15,1915.3,0,14440336,2055.0,3.8183,0,0,,,,,3.8183,,,,362,1081
BFS,web-Google,8,1,20,compute_time,326.9,ok,106329.0,4800.15,326.9,2950.3,0,17478832,2346.0,4.4474,0,0,,,,,4.4474,,,,430,1153
BFS,wiki-talk-temporal,1,1,20,compute_time,291.05,ok,6990.0,292.9,291.05,0,0,0,491.0,1.0,0,0,,,,,1.0,,,,124,146
BFS,wiki-talk-temporal,2,1,20,compute_time,286.3,ok,18097.0,776.9,286.3,422.75,0,5043900,1115.0,1.737,0,0,,,,,1.737,,,,238,636
BFS,wiki-talk-temporal,4,1,20,compute_time,384.95,ok,30986.0,1302.25,384.95,750.55,0,7978736,1481.0,2.2796,0,0,,,,,2.2796,,,,432,744
BFS,wiki-talk-temporal,6,1,20,compute_time,410.75,ok,45018.0,1846.45,410.75,1111.05,0,9184936,2171.0,2.457,0,0,,,,,2.457,,,,682,799
BFS,wiki-talk-temporal,8,1,20,compute_time,371.65,ok,56975.0,2363.05,371.65,1486.9,0,9329832,2331.0,2.5588,0,0,,,,,2.5588,,,,666,767
PageRank,roadNet-PA,1,1,20,compute_time,1630.7,ok,47615.0,2280.45,1630.7,0.15,0,0,253.0,1.0,0,0,,,,,1.0,,,,49,37
PageRank,roadNet-PA,2,1,20,compute_time,1915.35,ok,71168.0,3392.35,1915.35,651.45,0,952852,240.0,1.0071,0,0,,,,,1.0071,,,,48,47
PageRank,roadNet-PA,4,1,20,compute_time,2113.5,ok,113253.0,5297.8,2113.5,1947.25,0,1939316,362.0,1.0147,0,0,,,,,1.0147,,,,71,48
PageRank,roadNet-PA,6,1,20,compute_time,2171.3,ok,176469.0,8075.25,2171.3,3755.0,0,2446932,430.0,1.0186,0,0,,,,,1.0186,,,,72,70
PageRank,roadNet-PA,8,1,20,compute_time,1633.1,ok,229930.0,10452.55,1633.1,5205.45,0,3773172,476.0,1.0288,0,0,,,,,1.0288,,,,95,90
PageRank,web-Google,1,1,20,compute_time,2207.15,ok,57845.0,2805.4,2207.15,0.45,0,0,227.0,1.0,0,0,,,,,1.0,,,,50,53
PageRank,web-Google,2,1,20,compute_time,2820.85,ok,113170.0,5481.3,2820.85,1709.8,0,41313820,660.0,1.58,0,0,,,,,1.58,,,,95,359
PageRank,web-Google,4,1,20,compute_time,2955.65,ok,188940.0,9022.55,2955.65,4027.15,0,87260612,933.0,2.2454,0,0,,,,,2.2454,,,,145,501
PageRank,web-Google,6,1,20,compute_time,3221.6,ok,281402.0,13258.45,3221.6,6838.3,0,115808132,1367.0,2.6686,0,0,,,,,2.6686,,,,216,644
PageRank,web-Google,8,1,20,compute_time,3106.65,ok,376391.0,17659.55,3106.65,9213.3,0,136351400,1533.0,2.9788,0,0,,,,,2.9788,,,,286,670
PageRank,wiki-talk-temporal,1,1,20,compute_time,4914.8,ok,114894.0,5617.85,4914.8,0,0,0,454.0,1.0,0,0,,,,,1.0,,,,120,102
PageRank,wiki-talk-temporal,2,1,20,compute_time,6102.55,ok,203491.0,9872.6,6102.55,2914.65,0,70527764,852.0,1.6382,0,0,,,,,1.6382,,,,144,469
PageRank,wiki-talk-temporal,4,1,20,compute_time,5905.4,ok,283853.0,13507.2,5905.4,4897.85,0,118937544,1221.0,2.1263,0,0,,,,,2.1263,,,,264,552
PageRank,wiki-talk-temporal,6,1,20,compute_time,6433.4,ok,395691.0,18525.55,6433.4,8439.1,0,138868908,1932.0,2.3416,0,0,,,,,2.3416,,,,360,506
PageRank,wiki-talk-temporal,8,1,20,compute_time,6208.65,ok,513095.0,23949.5,6208.65,11114.45,0,152087736,2161.0,2.4858,0,0,,,,,2.4858,,,,525,528
SSSP,roadNet-PA,1,1,20,compute_time,1915.5,ok,41084.0,2015.6,1915.5,2.0,0,0,251.0,1.0,0,0,,,,,1.0,,,,46,58
SSSP,roadNet-PA,2,1,20,compute_time,1469.35,ok,154083.0,7639.2,1469.35,4157.15,0,857204,251.0,1.0071,0,0,,,,,1.0071,,,,47,59
SSSP,roadNet-PA,4,1,20,compute_time,848.05,ok,399177.0,19771.15,848.05,12125.3,0,1678636,432.0,1.0147,0,0,,,,,1.0147,,,,73,73
SSSP,roadNet-PA,6,1,20,compute_time,447.25,ok,709558.0,35139.65,447.25,22568.75,0,2007800,538.0,1.0186,0,0,,,,,1.0186,,,,107,142
SSSP,roadNet-PA,8,1,20,compute_time,136.35,ok,1070377.0,53053.05,136.35,31334.4,0,3213520,573.0,1.0288,0,0,,,,,1.0288,,,,141,95
SSSP,web-Google,1,1,20,compute_time,387.8,ok,9010.0,398.35,387.8,0.3,0,0,378.0,1.0,0,0,,,,,1.0,,,,71,118
SSSP,web-Google,2,1,20,compute_time,406.9,ok,29235.0,1334.8,406.9,726.3,0,4312996,1151.0,1.58,0,0,,,,,1.58,,,,131,750
SSSP,web-Google,4,1,20,compute_time,350.0,ok,72013.0,3355.35,350.0,2045.9,0,8950532,1678.0,2.2454,0,0,,,,,2.2454,,,,190,1054
SSSP,web-Google,6,1,20,compute_time,195.0,ok,126939.0,5912.7,195.0,3834.05,0,8991408,1976.0,2.6686,0,0,,,,,2.6686,,,,217,1154
SSSP,web-Google,8,1,20,compute_time,172.65,ok,199296.0,9344.8,172.65,5591.35,0,10442224,2112.0,2.9788,0,0,,,,,2.9788,,,,293,1152
SSSP,wiki-talk-temporal,1,1,20,compute_time,4.7,ok,1151.0,4.85,4.7,0,0,0,566.0,1.0,0,0,,,,,1.0,,,,105,197
SSSP,wiki-talk-temporal,2,1,20,compute_time,2.1,ok,4142.0,83.95,2.1,63.95,0,24,1201.0,1.6382,0,0,,,,,1.6382,,,,166,756
SSSP,wiki-talk-temporal,4,1,20,compute_time,2.3,ok,10477.0,252.7,2.3,178.6,0,144,1464.0,2.1263,0,0,,,,,2.1263,,,,291,841
SSSP,wiki-talk-temporal,6,1,20,compute_time,2.2,ok,18823.0,446.8,2.2,303.45,0,360,2051.0,2.3416,0,0,,,,,2.3416,,,,396,936
SSSP,wiki-talk-temporal,8,1,20,compute_time,2.15,ok,27218.0,719.0,2.15,495.35,0,672,2207.0,2.4858,0,0,,,,,2.4858,,,,526,868
Triangle Counting,roadNet-PA,1,1,20,total_time_exec,120.35,ok,3153.0,120.35,120.3,0,0,0,690.0,0,0,0,0,0,0,0,1,1,1090920,3083796,406,228
Triangle Counting,roadNet-PA,2,1,20,total_time_exec,143.1,ok,3705.0,143.1,133.4,0,0,0,870.0,0,0,0,8727384,43392,2,27488,1.0,1.0,1094758,3086666,505,263
Triangle Counting,roadNet-PA,4,1,20,total_time_exec,206.2,ok,4758.0,206.2,141.75,0,0,0,1198.0,0,0,0,26182224,91616,12,15488,1.01,1.0,1098959,3089852,653,367
Triangle Counting,roadNet-PA,6,1,20,total_time_exec,250.3,ok,5887.0,250.3,135.0,0,0,0,1695.0,0,0,0,43637160,115440,30,10800,1.01,1.0,1101205,3091440,934,423
Triangle Counting,roadNet-PA,8,1,20,total_time_exec,327.1,ok,6959.0,327.1,132.25,0,0,0,1921.0,0,0,0,58928432,178928,54,19888,1.01,1.0,1106913,3095630,1005,475
Triangle Counting,web-Google,1,1,20,total_time_exec,1971.5,ok,41777.0,1971.5,1971.5,0,0,0,2234.0,0,0,0,0,0,0,0,1,1,916428,5105039,859,1308
Triangle Counting,web-Google,2,1,20,total_time_exec,2237.95,ok,48671.0,2237.95,2235.0,0,0,0,3803.0,0,0,0,7331448,23495232,4,8388664,1.33,1.46,1222014,7457691,1337,2363
Triangle Counting,web-Google,4,1,20,total_time_exec,2330.7,ok,52190.0,2330.7,2312.15,0,0,0,5666.0,0,0,0,21994416,55301240,12,5483120,1.79,2.08,1642152,10643124,1772,3624
Triangle Counting,web-Google,6,1,20,total_time_exec,2379.8,ok,54233.0,2379.8,2299.9,0,0,0,7045.0,0,0,0,36657480,76901960,30,3169528,2.11,2.51,1936875,12797624,2266,4426
Triangle Counting,web-Google,8,1,20,total_time_exec,2356.0,ok,53984.0,2356.0,2244.35,0,0,0,8011.0,0,0,0,51320640,93167344,56,2069008,2.36,2.82,2164750,14413157,2700,4756
Triangle Counting,wiki-talk-temporal,1,1,20,total_time_exec,7081.85,ok,142564.0,7081.85,7081.85,0,0,0,835.0,0,0,0,0,0,0,0,1,1,1140149,3130742,478,265
Triangle Counting,wiki-talk-temporal,2,1,20,total_time_exec,9815.65,ok,197661.0,9815.65,9811.0,0,0,0,1317.0,0,0,0,9121216,7085936,2,4901072,1.01,1.27,1154751,3987290,782,454
Triangle Counting,wiki-talk-temporal,4,1,20,total_time_exec,12777.1,ok,257754.0,12777.1,12757.9,0,0,0,2396.0,0,0,0,27363720,19728976,12,3510624,1.04,1.76,1186846,5503612,1362,839
Triangle Counting,wiki-talk-temporal,6,1,20,total_time_exec,13532.9,ok,273263.0,13532.9,13442.25,0,0,0,3048.0,0,0,0,45606320,30526528,30,3083448,1.06,2.18,1208718,6809700,1541,1114
Triangle Counting,wiki-talk-temporal,8,1,20,total_time_exec,13974.1,ok,282387.0,13974.1,13911.05,0,0,0,3585.0,0,0,0,63849016,40202960,56,2297840,1.08,2.55,1227537,7981732,1773,1351
